{
  "mean": [
    2.157371337780798,
    1456.0940476076532,
    3.301936274275213,
    9.599019898735632,
    5177895.044343839,
    12016.292489399784,
    4.644340010911284,
    10.172905559968989,
    8.023708113592205,
    3.7359660793078033,
    0.0,
    19.946621707677696,
    18.96788656151111,
    0.21922023270375038
  ],
  "scale": [
    7.530336303208754,
    6750.763499809338,
    6.699309122331026,
    4.525865580890547,
    8048304.228281591,
    16049.508874087323,
    3.2293214499352647,
    8.551584638767995,
    20.208369154718163,
    12.059471612849721,
    1.0,
    10.685439004897649,
    7.403070288666421,
    0.39651182985337197
  ]
}