{"mean": [10.39857, 30414.98664, 66.95155, 9.61168, 5149541.61025, 11958.16681, 4.62506, 0.0], "scale": [9.515314600952411, 60250.00659259357, 45.41832694626135, 4.549939293836744, 8033676.493714206, 16050.41902028879, 3.2242518506457594, 1.0]}