{
  "mean": [
    10.334957264139206,
    30304.928416236755,
    67.22603585409509,
    9.599019898735632,
    5177895.049225203,
    12016.292489399784,
    4.644340010911284,
    10.172905559968989,
    9.210134889433265,
    27.488475293384024,
    12.71086055570976,
    339.2128533935499,
    8.756487059635873,
    431.5494118435284,
    0.0,
    404.1033643020007,
    304.0960527206223,
    25.438317748064204,
    12.22998880157735
  ],
  "scale": [
    9.451035030486356,
    59878.951064694054,
    45.54587916764478,
    4.525865580890547,
    8048304.24773675,
    16049.508874087323,
    3.2293214499352647,
    8.551584638767995,
    13.453620476870066,
    22.11483911752917,
    7.840089098131548,
    790.3731016238775,
    6.605233602635507,
    504.81352597991366,
    1.0,
    1036.3021332811156,
    415.1109926296918,
    21.616478508257458,
    11.816618287812709
  ]
}