{
  "mean": [
    10.334957264139206,
    30304.928416236755,
    67.22603585409509,
    9.599019898735632,
    5177895.044343839,
    12016.292489399784,
    4.644340010911284,
    10.172905559968989
  ],
  "scale": [
    9.451035030486356,
    59878.951064694054,
    45.54587916764478,
    4.525865580890547,
    8048304.228281591,
    16049.508874087323,
    3.2293214499352647,
    8.551584638767995
  ]
}